{
    "host": {
        "{{api}}": "http://192.168.2.64",
        "{{loginHost2}}": "http://192.168.2.41"
    },
    "list": [
        {
            "id": "base.map",
            "des": "底图样式",
            "url": "http://webres.cityfun.com.cn/csmap/csmap_blue/4326/map_blue.json"
        },
        {
            "id": "menu.config",
            "url": "./assets/config/menu.config.json"
        },
        {
            "id": "tree.config",
            "url": "./assets/config/maptree/map.tree.config.json"
        },
        {
            "id": "poulation.brief.menu",
            "des": "人口画像菜单",
            "url": "./assets/config/mock.data/population-brief/menu.config.json"
        },
        {
            "id": "poulation.brief.menu",
            "des": "人口画像菜单",
            "url": "./assets/config/mock.data/population-brief/menu.config.json"
        },
        {
            "id": "peop-sta-leavel-1",
            "des": "常熟一级行政区人口统计查询",
            "url": "{{api}}/CSSCMS/cf/service/DBService/rkdl_level_select?f=list"
        },
        {
            "id": "region-sta-geojson",
            "des": "更具xzcode获取人口统计数据",
            "url": "{{api}}/CSSCMS/cf/service/DBService/rkdl_district_total?f=geojson"
        }
    ]
}